setting,Accuracy_Overall,F1_Overall,Precision_Overall,Recall_Overall,"Accuracy_intake, assessment, and diagnosis","F1_intake, assessment, and diagnosis","Precision_intake, assessment, and diagnosis","Recall_intake, assessment, and diagnosis",Accuracy_treatment planning,F1_treatment planning,Precision_treatment planning,Recall_treatment planning,Accuracy_counseling skills and interventions,F1_counseling skills and interventions,Precision_counseling skills and interventions,Recall_counseling skills and interventions,Accuracy_professional practice and ethics,F1_professional practice and ethics,Precision_professional practice and ethics,Recall_professional practice and ethics,Accuracy_core counseling attributes,F1_core counseling attributes,Precision_core counseling attributes,Recall_core counseling attributes
counselingQA-gpt4o_zero-shot_None_0,0.7711,0.7676267769465659,0.7711414407895321,0.7715623018223053,0.8057999999999998,0.8003352830789868,0.8050639533238255,0.8032374616072794,0.7498999999999999,0.7417615193082467,0.7494399247284808,0.7457810217120577,0.7698999999999999,0.7654493589967892,0.7703390981210948,0.7687521719860296,0.7522,0.7468338065263593,0.7507611785342028,0.7529388024761136,0.5989,0.6040216572070994,0.6612586469065752,0.6391938361869296
Meta-Llama-3-70B-Instruct_few-shot_None_3,0.7339,0.7292722026941121,0.7344770370589749,0.7337968039800633,0.7458,0.7356295178826884,0.7401878322450459,0.7410513760761875,0.7214999999999999,0.7131576669500186,0.7240045583924936,0.7184847012449748,0.7389999999999999,0.7321948145671948,0.740622988124251,0.737479009239177,0.7006000000000001,0.694122303182647,0.7003692935026149,0.6978335080968308,0.696,0.6814184422468114,0.6915512480036784,0.715843346074288
